Folder,Name
/Game/Pal/Model/Character/Player/Outfit/SK_Player_Male_Outfit_Ancient001,SK_Player_Male_Outfit_Ancient001
/Game/Pal/Model/Character/Player/Outfit/SK_Player_Male_Outfit_Ancient001,SK_Player_Male_Outfit_Ancient001_v02
/Game/Pal/Model/Character/Player/Outfit/SK_Player_Male_Outfit_Ancient001,SK_Player_Male_Outfit_Ancient001_v03
/Game/Pal/Model/Character/Player/Outfit/SK_Player_Male_Outfit_Ancient001,SK_Player_Male_Outfit_Ancient001_v04
/Game/Pal/Model/Character/Player/Outfit/SK_Player_Male_Outfit_Bronze001,SK_Player_Male_Outfit_Bronze001
/Game/Pal/Model/Character/Player/Outfit/SK_Player_Male_Outfit_Bronze001,SK_Player_Male_Outfit_Bronze001_v02
/Game/Pal/Model/Character/Player/Outfit/SK_Player_Male_Outfit_Bronze001,SK_Player_Male_Outfit_Bronze001_v03
/Game/Pal/Model/Character/Player/Outfit/SK_Player_Male_Outfit_Cloth001,SK_Player_Male_Outfit_Cloth001
/Game/Pal/Model/Character/Player/Outfit/SK_Player_Male_Outfit_Cloth001,SK_Player_Male_Outfit_Cloth001_v02
/Game/Pal/Model/Character/Player/Outfit/SK_Player_Male_Outfit_Cloth001,SK_Player_Male_Outfit_Cloth001_v03
/Game/Pal/Model/Character/Player/Outfit/SK_Player_Male_Outfit_Hunter001,SK_Player_Male_Outfit_Hunter001
/Game/Pal/Model/Character/Player/Outfit/SK_Player_Male_Outfit_Hunter001,SK_Player_Male_Outfit_Hunter001_v02
/Game/Pal/Model/Character/Player/Outfit/SK_Player_Male_Outfit_Hunter001,SK_Player_Male_Outfit_Hunter001_v03
/Game/Pal/Model/Character/Player/Outfit/SK_Player_Male_Outfit_Iron001,SK_Player_Male_Outfit_Iron001
/Game/Pal/Model/Character/Player/Outfit/SK_Player_Male_Outfit_Iron001,SK_Player_Male_Outfit_Iron001_v02
/Game/Pal/Model/Character/Player/Outfit/SK_Player_Male_Outfit_Iron001,SK_Player_Male_Outfit_Iron001_v03
/Game/Pal/Model/Character/Player/Outfit/SK_Player_Male_Outfit_Kigurumi001,SK_Player_Male_Outfit_Kigurumi001
/Game/Pal/Model/Character/Player/Outfit/SK_Player_Male_Outfit_Plastic001,SK_Player_Male_Outfit_Plastic001_v01
/Game/Pal/Model/Character/Player/Outfit/SK_Player_Male_Outfit_Plastic001,SK_Player_Male_Outfit_Plastic001_v02
/Game/Pal/Model/Character/Player/Outfit/SK_Player_Male_Outfit_Plastic001,SK_Player_Male_Outfit_Plastic001_v03
/Game/Pal/Model/Character/Player/Outfit/SK_Player_Male_Outfit_Plastic001,SK_Player_Male_Outfit_Plastic001_v04
/Game/Pal/Model/Character/Player/Outfit/SK_Player_Male_Outfit_Plastic002,SK_Player_Male_Outfit_Plastic002_v01
/Game/Pal/Model/Character/Player/Outfit/SK_Player_Male_Outfit_Plastic002,SK_Player_Male_Outfit_Plastic002_v02
/Game/Pal/Model/Character/Player/Outfit/SK_Player_Male_Outfit_Plastic002,SK_Player_Male_Outfit_Plastic002_v03
/Game/Pal/Model/Character/Player/Outfit/SK_Player_Male_Outfit_Plastic002,SK_Player_Male_Outfit_Plastic002_v04
/Game/Pal/Model/Character/Player/Outfit/SK_Player_Male_Outfit_Platinum001,SK_Player_Male_Outfit_Platinum001
/Game/Pal/Model/Character/Player/Outfit/SK_Player_Male_Outfit_Platinum001,SK_Player_Male_Outfit_Platinum001_v02
/Game/Pal/Model/Character/Player/Outfit/SK_Player_Male_Outfit_Platinum001,SK_Player_Male_Outfit_Platinum001_v03
/Game/Pal/Model/Character/Player/Outfit/SK_Player_Male_Outfit_Yakushima001,SK_Player_Male_Outfit_Yakushima001
